source_id,canonical_database_number,title,authors,year,journal,volume,issue,pages,doi,version_note
SP001,2,Conditions for the occurrence of severe local storms,"Carlson, TN; Ludlam, FH;",1968,Tellus,20,2,203-226,,
SP002,3,An exceptionally heavy rainfall in July 1968,"Salter, PRS;",1968,Meteorol. Mag,97,,372-380,,
SP003,4,The Spanish plume-testing the forecasters nerve,"Morris, RM;",1986,Meteorological Magazine,115,1372,349-357,,
SP004,7,"Severe thunderstorms over south‐east England, 20/21 July 1992: Satellite and radar perspective of a mesoscale convective system","McCallum, E; Waters, AJ;",1993,Weather,48,7,198-208,,
SP005,9,Severe thunderstorms over south‐east England on 24 June 1994: A forecasting perspective,"Young, MV;",1995,Weather,50,7,250-256,,
SP006,10,Two thunderstorms in summer 1994 at Birmingham,"Galvin, J. F. P., Bennett, P. H., Couchman, P. B.",1995,Weather,50,7,239–250,,
SP007,11,"A notable seiche in Saint Aubin’s Bay, Jersey, and its likely cause","Searson, J.",1996,Ann. Bull. Soc. Jersiaise,26,,574-582,,
SP008,12,The Italian floods of 4–6 November 1994,"Lionetti, Michele;",1996,Weather,51,1,18-27,,
SP009,13,Anomalous cloud and precipitation systems,"Förchtgott, J.",1996,Weather,51,4,126–134,,
SP010,15,Monitoring European weather extremes using newspapers and the Internet,"Perry, Allen;",1997,Weather,52,3,89-91,,
SP011,16,A latent heat nudging scheme for the assimilation of precipitation data into an operational mesoscale model,"Jones, CD; Macpherson, B;",1997,"Meteorological Applications: A journal of forecasting, practical applications, training techniques and modelling",4,3,269-277,,
SP012,17,Comparison of traditional and newly developed thunderstorm indices for Switzerland,"Huntrieser, H; Schiesser, HH; Schmid, W; Waldvogel, A;",1997,Weather and Forecasting,12,1,108-125,,
SP013,18,Thunderstorms and hail on 7 June 1996: an early season ‘Spanish plume’event,"Webb, Jonathan DC; Pike, William S;",1998,Weather,53,8,234-241,,
SP014,19,The synoptic setting of a thundery low and associated prefrontal squall line in western Europe,"Van Delden, A;",1998,Meteorology and Atmospheric Physics,65,2023-01-02 00:00:00,113-131,,
SP015,21,Case study of a tornado in the Upper Rhine valley,"Hannesen, Ronald; Dotzek, Nikolai; Gysi, Hermann; Beheng, Klaus D;",1998,METEOROLOGISCHE ZEITSCHRIFT-BERLIN-,7,,163-170,,
SP016,22,"Mesoscale convective systems over the UK, 1981–97","Gray, M. E. B., Marshall, C.",1998,Weather,53,11,388–396,,
SP017,23,The slope of isentropes constituting a frontal zone,"Delden, Aarnout Van;",1999,Tellus A: Dynamic Meteorology and Oceanography,51,5,603-611,,
SP018,25,"Meteorologist's profile — Charles Kenneth Mackinnon Douglas, OBE, AFC, MA","Field, M.",1999,Weather,54,10,321–327,,
SP019,29,The synoptic setting of thunderstorms in western Europe,"van Delden, Aarnout;",2001,Atmospheric research,56,2023-01-04 00:00:00,89-110,,
SP020,30,Characterization of plumes on top of deep convective storm using AVHRR imagery and radiative transfer simulations,"Melani, S; Cattani, E; Torricella, F; Levizzani, V;",2003,Atmospheric research,67,,485-499,,
SP021,31,Summer thunderstorms,"Galvin, Jim",2003,Weather,58,6,247–248,10.1256/wea.172.02,
SP022,32,Observing the sky – how do we recognise clouds?,"Galvin, J. F. P.",2003,Weather,58,2,55–62,,
SP023,33,Occurrence of summertime convective precipitation and mesoscale convective systems in Finland during 2000–01,"Punkka, Ari-Juhani; Bister, Marja;",2005,Monthly weather review,133,2,362-373,,
SP024,34,Numerical modeling study of boundary‐layer ventilation by a cold front over Europe,"Agustí‐Panareda, Anna; Gray, Suzanne L; Methven, John;",2005,Journal of Geophysical Research: Atmospheres,110,D18,,,
SP025,35,A review of cold fronts with prefrontal troughs and wind shifts,"Schultz, David M;",2005,Monthly Weather Review,133,8,2449-2472,,
SP026,37,A review of the initiation of precipitating convection in the United Kingdom,"Bennett, Lindsay J; Browning, Keith A; Blyth, Alan M; Parker, Douglas J; Clark, Peter A;",2006,"Quarterly Journal of the Royal Meteorological Society: A journal of the atmospheric sciences, applied meteorology and physical oceanography",132,617,1001-1020,,
SP027,38,Mesoscale simulations of organized convection: Importance of convective equilibrium,"Done, JM; Craig, GC; Gray, SL; Clark, Peter A; Gray, MEB;",2006,"Quarterly Journal of the Royal Meteorological Society: A journal of the atmospheric sciences, applied meteorology and physical oceanography",132,616,737-756,,
SP028,39,Stratosphere‐troposphere transport in a numerical simulation of midlatitude convection,"Chagnon, Jeffrey M; Gray, Suzanne L;",2007,Journal of Geophysical Research: Atmospheres,112,D6,,,
SP029,40,Tornadoes in Germany 1950–2003 and their relation to particular weather conditions,"Bissolli, Peter; Grieser, Jürgen; Dotzek, Nikolai; Welsch, Marcel;",2007,Global and Planetary Change,57,2023-01-02 00:00:00,124-138,,
SP030,41,On the dependence of boundary layer ventilation on frontal type,"Agustí‐Panareda, Anna; Gray, Suzanne Louise; Belcher, Stephen Ernest;",2009,Journal of Geophysical Research: Atmospheres,114,D5,,,
SP031,43,Categorisation of synoptic environments associated with mesoscale convective systems over the UK,"Lewis, Matthew W; Gray, Suzanne L;",2010,Atmospheric Research,97,2023-01-02 00:00:00,194-213,,
SP032,44,High-resolution assessment of the hail hazard over complex terrain from radar and insurance data,"Kunz, Michael; Puskeiler, Marc;",2010,Meteorologische Zeitschrift,19,5,427,,
SP033,45,Violent thunderstorms in the Thames Valley and south Midlands in early June 1910,"Webb, Jonathan D. C.",2011,Weather,66,6,153–155,,
SP034,46,Thunderstorms from a Spanish Plume event on 28 June 2011,"Sibley, Andrew;",2012,Weather,67,6,143-146,,
SP035,47,Investigation of the passage of a derecho in Belgium,"Hamid, Karim;",2012,Atmospheric research,107,,86-105,,
SP036,48,Notable Scottish thunderstorms in summer 2011,"Webb, Jonathan D. C., Blackshaw, Jeffrey K.",2012,Weather,67,8,199–203,,
SP037,49,Severe thunderstorms disrupt the Diamond Jubilee on Midsummer Day 1897,"Webb, Jonathan D. C.",2012,Weather,67,7,174–175,,
SP038,50,The remarkably thundery month of June 1982,"Prichard, Bob",2012,Weather,67,6,146–149,,
SP039,51,Extreme hail day climatology in Southwestern France,"Berthet, C; Wesolek, E; Dessens, J; Sanchez, JL;",2013,Atmospheric Research,123,,139-150,,
SP040,52,Analysis of the 18 July 2005 tornadic supercell over the Lake Geneva region,"Peyraud, Lionel;",2013,Weather and forecasting,28,6,1524-1551,,
SP041,53,A four year (2007–2010) analysis of long-lasting deep convective systems in the Mediterranean basin,"Melani, S; Pasi, F; Gozzini, B; Ortolani, A;",2013,Atmospheric research,123,,151-166,,
SP042,54,A severe hailstorm across the English Midlands on 28 June 2012,"Clark, Matthew R., Webb, Jonathan D. C.",2013,Weather,68,11,284–291,,
SP043,55,Thunderstorms over northern England on 6 August 2011,"Young, Martin V.",2013,Weather,68,8,212–217,,
SP044,56,Regional weather and climates of the British Isles – Part 2: South East England and East Anglia,"Mayes, Julian",2013,Weather,68,3,59-65,,
SP045,57,Regional weather and climates of the British Isles - Part 1: Introduction,"Mayes, Julian, Wheeler, Dennis",2013,Weather,68,1,3–8,,
SP046,58,A climatology of convective available potential energy in Great Britain,"Holley, DM; Dorling, SR; Steele, CJ; Earl, N;",2014,International Journal of Climatology,34,14,3811-3824,,
SP047,59,Thunderstorm Division review for Britain and Ireland 2013,"Webb, JONATHAN DC;",2014,Int J Meteorology UK,39,,135-40,,
SP048,60,Flash flooding in southwest England 29 May 2008,"Sibley, Andrew M., Denning, Holly",2014,Weather,68,6,143-146,,
SP049,61,An unusual thunderstorm event overnight 13/14 June 2014,"Grahame, Nick; Page, Andy; Hickman, Alice; Pearson, Calum;",2015,Weather,70,6,167-172,,
SP050,62,"Predicting small-scale, short-lived downbursts: Case study with the NWP limited-area ALARO model for the Pukkelpop thunderstorm","De Meutter, Pieter; Gerard, Luc; Smet, Geert; Hamid, Karim; Hamdi, Rafiq; Degrauwe, Daan; Termonia, Piet;",2015,Monthly Weather Review,143,3,742-756,,
SP051,63,Hot Central‐European summer of 2013 in a long‐term context,"Lhotka, Ondřej; Kyselý, Jan;",2015,International Journal of Climatology,35,14,4399-4407,,
SP052,64,Mesoscale air transport at a midlatitude squall line in Europe–a numerical analysis,"Uebel, M; Bott, A;",2015,Quarterly Journal of the Royal Meteorological Society,141,693,3297-3311,,
SP053,66,Characterisation of convective regimes over the British Isles,"Flack, David LA; Plant, Robert S; Gray, Suzanne L; Lean, Humphrey W; Keil, Christian; Craig, George C;",2016,Quarterly Journal of the Royal Meteorological Society,142,696,1541-1553,,
SP054,67,Fronts–Who needs them?,"Owens, Robert;",2016,Weather,71,7,170-174,,
SP055,68,Performance of 4D‐Var NWP‐based nowcasting of precipitation at the Met Office for summer 2012,"Ballard, Susan P; Li, Zhihong; Simonin, David; Caron, Jean‐Francois;",2016,Quarterly Journal of the Royal Meteorological Society,142,694,472-487,,
SP056,69,The origin of western European warm-season prefrontal convergence lines,"Dahl, Johannes ML; Fischer, Jannick;",2016,Weather and Forecasting,31,5,1417-1431,,
SP057,70,Hail observations and hailstorm characteristics in Europe: A review,"Punge, H Jꎬ; Kunz, Mꎬ;",2016,Atmospheric Research,176,,159-184,,
SP058,71,A long‐lived supercell over mountainous terrain,"Scheffknecht, Phillip; Serafin, Stefano; Grubišić, Vanda;",2017,Quarterly Journal of the Royal Meteorological Society,143,709,2973-2986,,
SP059,72,"The Met Office convective‐scale ensemble, MOGREPS‐UK","Hagelin, Susanna; Son, Joohyung; Swinbank, Richard; McCabe, Anne; Roberts, Nigel; Tennant, Warren;",2017,Quarterly Journal of the Royal Meteorological Society,143,708,2846-2861,,
SP060,73,Lightning deaths in the UK: a 30-year analysis of the factors contributing to people being struck and killed,"Elsom, DEREK M; Webb, JONATHAN DC;",2017,Int. J. Meteorol,42,,2023-08-26 00:00:00,,
SP061,74,Improvements in nowcasting capability: analysis of three structurally distinct severe thunderstorms across northern England on 1 July 2015,"Lewis, Matthew W; Silkstone, Nicholas;",2017,Weather,72,4,91-98,,
SP062,75,Spatiotemporal variability of lightning activity in Europe and the relation to the North Atlantic Oscillation teleconnection pattern,"Piper, David; Kunz, Michael;",2017,Natural Hazards and Earth System Sciences,17,8,1319-1336,,
SP063,76,Synoptic analysis and hindcast of an intense bow echo in western Europe: The 9 June 2014 storm,"Mathias, Luca; Ermert, Volker; Kelemen, Fanni D; Ludwig, Patrick; Pinto, Joaquim G;",2017,Weather and Forecasting,32,3,1121-1141,,
SP064,77,Identification of favorable environments for thunderstorms in reanalysis data,"Westermayer, Anja; Groenemeijer, Pieter; Pistotnik, Georg; Sausen, Robert; Faust, Eberhard;",2017,Meteorologische Zeitschrift,26,1,59-70,,
SP065,78,Multisensor Characterization of Mammatus,Silke Trömel and Alexander V. Ryzhkov and Malte Diederich and Kai Mühlbauer and Stefan Kneifel and Jeffrey Snyder and Clemens Simmer,2017,Monthly Weather Review,145,1,235 - 251,,
SP066,79,Compiling lightning counts for the UK land area and an assessment of the lightning risk facing UK inhabitants,"Elsom, Derek M; Enno, Sven‐Erik; Horseman, Andrew; Webb, Jonathan DC;",2018,Weather,73,6,171-179,,
SP067,80,Characterising flash flood response to intense rainfall and impacts using historical information and gauged data in Britain,"Archer, DR; Fowler, HJ;",2018,Journal of Flood Risk Management,11,,S121-S133,,
SP068,81,Extreme precipitation events in the Polish Carpathians and their synoptic determinants,"Wypych, Agnieszka; Ustrnul, Zbigniew; Czekierda, Danuta; Palarz, Angelika; Sulikowska, Agnieszka;",2018,Időjárás/Quarterly Journal of the Hungarian Meteorological Service,122,2,145-158,,
SP069,82,Quantifying the effect of different urban planning strategies on heat stress for current and future climates in the agglomeration of The Hague (The Netherlands),"Koopmans, Sytse; Ronda, Reinder; Steeneveld, Gert-Jan; Holtslag, Albert AM; Klein Tank, Albert MG;",2018,Atmosphere,9,9,353,,
SP070,83,An objective verification system for thunderstorm risk forecasts,"Brown, Katie; Buchanan, Piers;",2019,Meteorological Applications,26,1,140-152,,
SP071,84,Downstream influence of mesoscale convective systems. Part 1: influence on forecast evolution,"Clarke, Samantha J; Gray, Suzanne L; Roberts, Nigel M;",2019,Quarterly Journal of the Royal Meteorological Society,145,724,2933-2952,,
SP072,85,Downstream influence of mesoscale convective systems. Part 2: Influence on ensemble forecast skill and spread,"Clarke, Samantha J; Gray, Suzanne L; Roberts, Nigel M;",2019,Quarterly Journal of the Royal Meteorological Society,145,724,2953-2972,,
SP073,86,Investigation of the temporal variability of thunderstorms in central and western Europe and the relation to large‐scale flow and teleconnection patterns,"Piper, David A; Kunz, Michael; Allen, John T; Mohr, Susanna;",2019,Quarterly Journal of the Royal Meteorological Society,145,725,3644-3666,,
SP074,87,Classification of synoptic conditions of summer floods in polish Sudeten Mountains,"Bednorz, Ewa; Wrzesiński, Dariusz; Tomczyk, Arkadiusz M; Jasik, Dominika;",2019,Water,11,7,1450,,
SP075,88,Relationship between atmospheric blocking and warm‐season thunderstorms over western and central Europe,"Mohr, Susanna; Wandel, Jan; Lenggenhager, Sina; Martius, Olivia;",2019,Quarterly Journal of the Royal Meteorological Society,145,724,3040-3056,,
SP076,89,Europe extreme heat 22–26 July 2019: was it caused by subsidence or advection?,"De Villiers, MP;",2020,Weather,75,8,228-235,,
SP077,90,Mesoscale model simulation of a severe summer Thunderstorm in The Netherlands: Performance and uncertainty assessment for parameterised and resolved convection,"Steeneveld, Gert-Jan; Peerlings, Esther EM;",2020,Atmosphere,11,8,811,,
SP078,91,Comparison of short‐period daytime convective rainfall accumulations with total column precipitable water: Derivation of an operational forecasting technique,"Young, Martin; Lamb, Daniel; Lane, Andrew; Lattimore, Chris;",2020,Meteorological Applications,27,2,e1903,,
SP079,92,Atmospheric precursors for intense summer rainfall over the United Kingdom,"Allan, Richard P; Blenkinsop, Stephen; Fowler, Hayley J; Champion, Adrian J;",2020,International Journal of Climatology,40,8,3849-3867,,
SP080,93,Ambient conditions prevailing during hail events in central Europe,"Kunz, Michael; Wandel, Jan; Fluck, Elody; Baumstark, Sven; Mohr, Susanna; Schemm, Sebastian;",2020,Natural Hazards and Earth System Sciences,20,6,1867-1887,,
SP081,94,"Severe Convective Storms across Europe and the United States. Part II: ERA5 Environments Associated with Lightning, Large Hail, Severe Wind, and Tornadoes",Mateusz Taszarek and John T. Allen and Tomáš Púčik and Kimberly A. Hoogewind and Harold E. Brooks,2020,Journal of Climate,33,23,10263 - 10286,,
SP082,95,"Severe thunderstorm, Jersey, 25 June 2020","Winter, Matt; Galvin, Jim;",2021,Weather,76,7,237-242,,
SP083,96,Exploring relationships between weather patterns and observed lightning activity for Britain and Ireland,"Wilkinson, Jonathan M; Neal, Robert;",2021,Quarterly Journal of the Royal Meteorological Society,147,738,2772-2795,,
SP084,97,Severe thunderstorms with large hail across Germany in June 2019,"Wilhelm, Jannik; Mohr, Susanna; Punge, Heinz Jürgen; Mühr, Bernhard; Schmidberger, Manuel; Daniell, James E; Bedka, Kristopher M; Kunz, Michael;",2021,Weather,76,7,228-237,,
SP085,98,Two hundred years of thunderstorms in Oxford,"Burt, Stephen;",2021,Weather,76,7,212-222,,
SP086,99,Convective rear-flank downdraft as driver for meteotsunami along English Channel and North Sea coasts 28–29 May 2017,"Sibley, Andrew M; Cox, Dave; Tappin, David R;",2021,Natural Hazards,106,,1445-1465,,
SP087,100,A characterisation of Alpine mesocyclone occurrence,"Feldmann, Monika; Germann, Urs; Gabella, Marco; Berne, Alexis;",2021,Weather and Climate Dynamics,2,4,1225-1244,,
SP088,101,An 8-yr meteotsunami climatology across northwest Europe: 2010–17,"Williams, David A; Schultz, David M; Horsburgh, Kevin J; Hughes, Chris W;",2021,Journal of Physical Oceanography,51,4,1145-1161,,
SP089,102,Reflections of over 40 years in the Met Office – a period of unprecedented change,"Young, Martin V.",2021,Weather,76,5,147–152,,
SP090,103,A regional lightning climatology of the UK and Ireland and sensitivity to alternative detection networks,"Hayward, Leah; Whitworth, Malcolm; Pepin, Nick; Dorling, Steve;",2022,International Journal of Climatology,42,15,7839-7862,,
SP091,104,"Meteotsunamis reported around Britain and Ireland, and northern France, 18–19 June 2022","Sibley, Andrew;",2022,Weather,77,8,279-280,,
SP092,105,North Atlantic air pressure and temperature conditions associated with heavy rainfall in Great Britain,"Barnes, Andrew Paul; Svensson, Cecilia; Kjeldsen, Thomas Rodding;",2022,International Journal of Climatology,42,5,3190-3207,,
SP093,106,Reconstruction of Violent Tornado Environments in Europe: High‐Resolution Dynamical Downscaling of ERA5,"Pilguj, Natalia; Taszarek, Mateusz; Kryza, Maciej; Brooks, Harold E;",2022,Geophysical Research Letters,49,11,e2022GL098242,10.1029/2022GL098242,
SP094,107,A gridded 30‐year days of thunder climatology for the United Kingdom,"Stone, Edmund Keith; Horseman, Andrew; Odams, Paul; Marlton, Graeme;",2022,Quarterly Journal of the Royal Meteorological Society,148,747,2784-2795,,
SP095,108,Diurnal and Seasonal Variability of ERA5 Convective Parameters in Relation to Lightning Flash Rates in Poland,Szymon Poręba and Mateusz Taszarek and Zbigniew Ustrnul,2022,Weather and Forecasting,37,8,1447 - 1470,,
SP096,109,Preliminary analysis and perspective of the severe hailstorms on 20 July 2021 – including the Kibworth (Leicestershire) storm,"Webb, Jonathan D. C.",2022,Weather,77,7,264–266,,
SP097,110,The history of UK weather forecasting: the changing role of the central guidance forecaster. Part 6: the late twentieth century: forecasting smaller‐scale features,"Young, Martin V; Grahame, Nick S;",2023,Weather,,,,,
SP098,111,The history of UK weather forecasting: the changing role of the central guidance forecaster. Part 3: cumulative progress in forecasting–the 1970s,"Young, Martin V; Grahame, Nick S;",2023,Weather,78,3,68-74,,
SP099,112,The history of UK weather forecasting: the changing role of the central guidance forecaster. Part 2: the birth of operational numerical weather prediction,"Young, Martin V; Grahame, Nick S;",2023,Weather,78,1,4–9,,
SP100,113,Meteotsunami in the United Kingdom: the hidden hazard,"Lewis, Clare; Smyth, Tim; Williams, David; Neumann, Jess; Cloke, Hannah;",2023,Natural Hazards and Earth System Sciences,23,7,2531-2546,,
SP101,114,Analysing 23 years of warm-season derechos in France: a climatology and investigation of synoptic and environmental changes,"Fery, Lucas; Faranda, Davide;",2024,Weather and Climate Dynamics,5,,439-461,10.5194/wcd-5-439-2024,Final published version of the 2023 discussion paper represented by benchmark source SP101.
SP102,115,Thunderstorm tracking in Northwest Europe for enhanced hazard preparedness,"Hayward, Leah; Whitworth, Malcolm; Pepin, Nick; Dorling, Steve;",2023,International Journal of Climatology,,,,,
