year,documented,not_documented
1968,1,1
1969,0,0
1970,0,0
1971,0,0
1972,0,0
1973,0,0
1974,0,0
1975,0,0
1976,0,0
1977,0,0
1978,0,0
1979,0,0
1980,0,0
1981,0,0
1982,0,0
1983,0,0
1984,0,0
1985,0,0
1986,1,0
1987,0,0
1988,0,0
1989,0,0
1990,0,0
1991,0,0
1992,0,0
1993,0,1
1994,0,0
1995,0,2
1996,1,2
1997,1,2
1998,2,2
1999,1,1
2000,0,0
2001,1,0
2002,0,0
2003,1,2
2004,0,0
2005,1,2
2006,2,0
2007,0,2
2008,0,0
2009,0,1
2010,1,1
2011,0,1
2012,3,2
2013,2,5
2014,1,2
2015,2,2
2016,2,3
2017,5,3
2018,2,2
2019,6,0
2020,6,0
2021,6,2
2022,5,2
2023,4,2
