source_id,year,benchmark_class,notebooklm_cited,codex_cited,claude_cited
SP001,1968,essential,1,1,1
SP003,1986,essential,1,1,1
SP004,1993,informative,1,1,1
SP005,1995,informative,1,1,1
SP014,1998,informative,1,1,1
SP016,1998,essential,1,1,1
SP024,2005,informative,0,0,1
SP026,2006,informative,1,1,1
SP031,2010,essential,1,1,1
SP034,2012,informative,1,1,1
SP040,2013,informative,1,1,1
SP046,2014,informative,0,1,1
SP076,2020,informative,1,1,1
SP077,2020,informative,1,0,1
SP083,2021,informative,1,1,1
SP090,2022,informative,1,0,1
SP097,2023,informative,1,0,1
SP102,2023,informative,1,0,1
