source_id,year,title,journal,benchmark_search_codes,benchmark_search_routes,mention_depth,download_status,exact_reason_status,exact_recorded_reason,evidence_based_diagnosis
SP002,1968,An exceptionally heavy rainfall in July 1968,Meteorol. Mag,G,Google Scholar,passing mention,unresolved,not recorded,No surviving model output or per-result rejection log states why this record was omitted. An exact model-internal cause cannot be reconstructed without inventing evidence.,"It was present in Google Scholar's 177-result exact-phrase set but fell outside the model runs' retrieved/verified subset. The benchmark classifies the phrase as only a passing mention, and the title contains no 'Spanish plume' wording. Access evidence: no verified PDF location was resolved through the pipeline searches."
SP004,1993,"Severe thunderstorms over south‐east England, 20/21 July 1992: Satellite and radar perspective of a mesoscale convective system",Weather,GR,Google Scholar; Royal Meteorological Society/Wiley,substantial/non-passing treatment,manual_required,confirmed for Codex; other model causes unlogged,The saved Codex exclusion log says this source surfaced but was excluded because the exact phrase could not be independently verified in accessible article text. No rejection logs survive for the other model runs.,"It was indexed by Google Scholar; Royal Meteorological Society/Wiley, but the model runs stopped before retrieving or verifying it. The title contains no 'Spanish plume' wording even though the benchmark records more than a passing mention. Access evidence: publisher returned HTTP 403; manual/library full-text access was required."
SP005,1995,Severe thunderstorms over south‐east England on 24 June 1994: A forecasting perspective,Weather,GR,Google Scholar; Royal Meteorological Society/Wiley,substantial/non-passing treatment,manual_required,confirmed for Codex; other model causes unlogged,The saved Codex exclusion log says this source surfaced but was excluded because the exact phrase could not be independently verified in accessible article text. No rejection logs survive for the other model runs.,"It was indexed by Google Scholar; Royal Meteorological Society/Wiley, but the model runs stopped before retrieving or verifying it. The title contains no 'Spanish plume' wording even though the benchmark records more than a passing mention. Access evidence: publisher returned HTTP 403; manual/library full-text access was required."
SP006,1995,Two thunderstorms in summer 1994 at Birmingham,Weather,R,Royal Meteorological Society/Wiley,passing mention,manual_required,not recorded,No surviving model output or per-result rejection log states why this record was omitted. An exact model-internal cause cannot be reconstructed without inventing evidence.,"It was recoverable only in the publisher's exact-phrase search, which the model runs did not reproduce exhaustively. The benchmark classifies the phrase as only a passing mention, and the title contains no 'Spanish plume' wording. Access evidence: publisher returned HTTP 403; manual/library full-text access was required."
SP007,1996,"A notable seiche in Saint Aubin’s Bay, Jersey, and its likely cause. Ann. Bull. Soc. Jersiaise, 26, 574-582.",Ann. Bull. Soc. Jersiaise,G,Google Scholar,passing mention,unresolved,not recorded,No surviving model output or per-result rejection log states why this record was omitted. An exact model-internal cause cannot be reconstructed without inventing evidence.,"It was present in Google Scholar's 177-result exact-phrase set but fell outside the model runs' retrieved/verified subset. The benchmark classifies the phrase as only a passing mention, and the title contains no 'Spanish plume' wording. Access evidence: no verified PDF location was resolved through the pipeline searches."
SP008,1996,The Italian floods of 4–6 November 1994,Weather,GR,Google Scholar; Royal Meteorological Society/Wiley,passing mention,manual_required,not recorded,No surviving model output or per-result rejection log states why this record was omitted. An exact model-internal cause cannot be reconstructed without inventing evidence.,"It was indexed by Google Scholar; Royal Meteorological Society/Wiley, but the model runs stopped before retrieving or verifying it. The benchmark classifies the phrase as only a passing mention, and the title contains no 'Spanish plume' wording. Access evidence: publisher returned HTTP 403; manual/library full-text access was required."
SP009,1996,Anomalous cloud and precipitation systems,Weather,R,Royal Meteorological Society/Wiley,passing mention,manual_required,not recorded,No surviving model output or per-result rejection log states why this record was omitted. An exact model-internal cause cannot be reconstructed without inventing evidence.,"It was recoverable only in the publisher's exact-phrase search, which the model runs did not reproduce exhaustively. The benchmark classifies the phrase as only a passing mention, and the title contains no 'Spanish plume' wording. Access evidence: publisher returned HTTP 403; manual/library full-text access was required."
SP010,1997,Monitoring European weather extremes using newspapers and the Internet,Weather,GR,Google Scholar; Royal Meteorological Society/Wiley,passing mention,manual_required,not recorded,No surviving model output or per-result rejection log states why this record was omitted. An exact model-internal cause cannot be reconstructed without inventing evidence.,"It was indexed by Google Scholar; Royal Meteorological Society/Wiley, but the model runs stopped before retrieving or verifying it. The benchmark classifies the phrase as only a passing mention, and the title contains no 'Spanish plume' wording. Access evidence: publisher returned HTTP 403; manual/library full-text access was required."
SP011,1997,A latent heat nudging scheme for the assimilation of precipitation data into an operational mesoscale model,"Meteorological Applications: A journal of forecasting, practical applications, training techniques and modelling",GR,Google Scholar; Royal Meteorological Society/Wiley,passing mention,manual_required,confirmed for Codex; other model causes unlogged,The saved Codex exclusion log says this source surfaced but was excluded because the exact phrase could not be independently verified in accessible article text. No rejection logs survive for the other model runs.,"It was indexed by Google Scholar; Royal Meteorological Society/Wiley, but the model runs stopped before retrieving or verifying it. The benchmark classifies the phrase as only a passing mention, and the title contains no 'Spanish plume' wording. Access evidence: publisher returned HTTP 403; manual/library full-text access was required."
SP016,1998,"Mesoscale convective systems over the UK, 1981–97",Weather,R,Royal Meteorological Society/Wiley,Spanish-plume-focused/substantial treatment,manual_required,confirmed for Codex; other model causes unlogged,The saved Codex exclusion log says this source surfaced but was excluded because the exact phrase could not be independently verified in accessible article text. No rejection logs survive for the other model runs.,"It was recoverable only in the publisher's exact-phrase search, which the model runs did not reproduce exhaustively. The title contains no 'Spanish plume' wording even though the benchmark records more than a passing mention. Access evidence: publisher returned HTTP 403; manual/library full-text access was required."
SP018,1999,"Meteorologist's profile — Charles Kenneth Mackinnon Douglas, OBE, AFC, MA",Weather,R,Royal Meteorological Society/Wiley,passing mention,manual_required,not recorded,No surviving model output or per-result rejection log states why this record was omitted. An exact model-internal cause cannot be reconstructed without inventing evidence.,"It was recoverable only in the publisher's exact-phrase search, which the model runs did not reproduce exhaustively. The benchmark classifies the phrase as only a passing mention, and the title contains no 'Spanish plume' wording. Access evidence: publisher returned HTTP 403; manual/library full-text access was required."
SP021,2003,Summer thunderstorms,Weather,R,Royal Meteorological Society/Wiley,passing mention,manual_required,not recorded,No surviving model output or per-result rejection log states why this record was omitted. An exact model-internal cause cannot be reconstructed without inventing evidence.,"It was recoverable only in the publisher's exact-phrase search, which the model runs did not reproduce exhaustively. The benchmark classifies the phrase as only a passing mention, and the title contains no 'Spanish plume' wording. Access evidence: metadata/DOI existed but no verified open PDF was available automatically."
SP022,2003,Observing the sky – how do we recognise clouds?,Weather,R,Royal Meteorological Society/Wiley,passing mention,manual_required,not recorded,No surviving model output or per-result rejection log states why this record was omitted. An exact model-internal cause cannot be reconstructed without inventing evidence.,"It was recoverable only in the publisher's exact-phrase search, which the model runs did not reproduce exhaustively. The benchmark classifies the phrase as only a passing mention, and the title contains no 'Spanish plume' wording. Access evidence: publisher returned HTTP 403; manual/library full-text access was required."
SP026,2006,A review of the initiation of precipitating convection in the United Kingdom,"Quarterly Journal of the Royal Meteorological Society: A journal of the atmospheric sciences, applied meteorology and physical oceanography",GR,Google Scholar; Royal Meteorological Society/Wiley,substantial/non-passing treatment,manual_required,not recorded,No surviving model output or per-result rejection log states why this record was omitted. An exact model-internal cause cannot be reconstructed without inventing evidence.,"It was indexed by Google Scholar; Royal Meteorological Society/Wiley, but the model runs stopped before retrieving or verifying it. The title contains no 'Spanish plume' wording even though the benchmark records more than a passing mention. Access evidence: publisher returned HTTP 403; manual/library full-text access was required."
SP027,2006,Mesoscale simulations of organized convection: Importance of convective equilibrium,"Quarterly Journal of the Royal Meteorological Society: A journal of the atmospheric sciences, applied meteorology and physical oceanography",GR,Google Scholar; Royal Meteorological Society/Wiley,passing mention,manual_required,not recorded,No surviving model output or per-result rejection log states why this record was omitted. An exact model-internal cause cannot be reconstructed without inventing evidence.,"It was indexed by Google Scholar; Royal Meteorological Society/Wiley, but the model runs stopped before retrieving or verifying it. The benchmark classifies the phrase as only a passing mention, and the title contains no 'Spanish plume' wording. Access evidence: publisher returned HTTP 403; manual/library full-text access was required."
SP030,2009,On the dependence of boundary layer ventilation on frontal type,Journal of Geophysical Research: Atmospheres,G,Google Scholar,passing mention,manual_required,not recorded,No surviving model output or per-result rejection log states why this record was omitted. An exact model-internal cause cannot be reconstructed without inventing evidence.,"It was present in Google Scholar's 177-result exact-phrase set but fell outside the model runs' retrieved/verified subset. The benchmark classifies the phrase as only a passing mention, and the title contains no 'Spanish plume' wording. Access evidence: publisher returned HTTP 403; manual/library full-text access was required."
SP032,2010,High-resolution assessment of the hail hazard over complex terrain from radar and insurance data,Meteorologische Zeitschrift,G,Google Scholar,passing mention,downloaded_automatically,not recorded,No surviving model output or per-result rejection log states why this record was omitted. An exact model-internal cause cannot be reconstructed without inventing evidence.,"It was present in Google Scholar's 177-result exact-phrase set but fell outside the model runs' retrieved/verified subset. The benchmark classifies the phrase as only a passing mention, and the title contains no 'Spanish plume' wording. Access evidence: verified PDF was automatically accessible."
SP033,2011,Violent thunderstorms in the Thames Valley and south Midlands in early June 1910,Weather,R,Royal Meteorological Society/Wiley,passing mention,manual_required,not recorded,No surviving model output or per-result rejection log states why this record was omitted. An exact model-internal cause cannot be reconstructed without inventing evidence.,"It was recoverable only in the publisher's exact-phrase search, which the model runs did not reproduce exhaustively. The benchmark classifies the phrase as only a passing mention, and the title contains no 'Spanish plume' wording. Access evidence: publisher returned HTTP 403; manual/library full-text access was required."
SP037,2012,Severe thunderstorms disrupt the Diamond Jubilee on Midsummer Day 1897,Weather,R,Royal Meteorological Society/Wiley,passing mention,manual_required,not recorded,No surviving model output or per-result rejection log states why this record was omitted. An exact model-internal cause cannot be reconstructed without inventing evidence.,"It was recoverable only in the publisher's exact-phrase search, which the model runs did not reproduce exhaustively. The benchmark classifies the phrase as only a passing mention, and the title contains no 'Spanish plume' wording. Access evidence: publisher returned HTTP 403; manual/library full-text access was required."
SP039,2013,Extreme hail day climatology in Southwestern France,Atmospheric Research,G,Google Scholar,passing mention,manual_required,not recorded,No surviving model output or per-result rejection log states why this record was omitted. An exact model-internal cause cannot be reconstructed without inventing evidence.,"It was present in Google Scholar's 177-result exact-phrase set but fell outside the model runs' retrieved/verified subset. The benchmark classifies the phrase as only a passing mention, and the title contains no 'Spanish plume' wording. Access evidence: metadata/DOI existed but no verified open PDF was available automatically."
SP041,2013,A four year (2007–2010) analysis of long-lasting deep convective systems in the Mediterranean basin,Atmospheric research,G,Google Scholar,passing mention,manual_required,not recorded,No surviving model output or per-result rejection log states why this record was omitted. An exact model-internal cause cannot be reconstructed without inventing evidence.,"It was present in Google Scholar's 177-result exact-phrase set but fell outside the model runs' retrieved/verified subset. The benchmark classifies the phrase as only a passing mention, and the title contains no 'Spanish plume' wording. Access evidence: metadata/DOI existed but no verified open PDF was available automatically."
SP042,2013,A severe hailstorm across the English Midlands on 28 June 2012,Weather,R,Royal Meteorological Society/Wiley,passing mention,manual_required,not recorded,No surviving model output or per-result rejection log states why this record was omitted. An exact model-internal cause cannot be reconstructed without inventing evidence.,"It was recoverable only in the publisher's exact-phrase search, which the model runs did not reproduce exhaustively. The benchmark classifies the phrase as only a passing mention, and the title contains no 'Spanish plume' wording. Access evidence: publisher returned HTTP 403; manual/library full-text access was required."
SP044,2013,Regional weather and climates of the British Isles – Part 2: South East England and East Anglia,Weather,R,Royal Meteorological Society/Wiley,passing mention,manual_required,not recorded,No surviving model output or per-result rejection log states why this record was omitted. An exact model-internal cause cannot be reconstructed without inventing evidence.,"It was recoverable only in the publisher's exact-phrase search, which the model runs did not reproduce exhaustively. The benchmark classifies the phrase as only a passing mention, and the title contains no 'Spanish plume' wording. Access evidence: publisher returned HTTP 403; manual/library full-text access was required."
SP045,2013,Regional weather and climates of the British Isles - Part 1: Introduction,Weather,R,Royal Meteorological Society/Wiley,passing mention,manual_required,not recorded,No surviving model output or per-result rejection log states why this record was omitted. An exact model-internal cause cannot be reconstructed without inventing evidence.,"It was recoverable only in the publisher's exact-phrase search, which the model runs did not reproduce exhaustively. The benchmark classifies the phrase as only a passing mention, and the title contains no 'Spanish plume' wording. Access evidence: publisher returned HTTP 403; manual/library full-text access was required."
SP047,2014,Thunderstorm Division review for Britain and Ireland 2013,Int J Meteorology UK,G,Google Scholar,passing mention,unresolved,not recorded,No surviving model output or per-result rejection log states why this record was omitted. An exact model-internal cause cannot be reconstructed without inventing evidence.,"It was present in Google Scholar's 177-result exact-phrase set but fell outside the model runs' retrieved/verified subset. The benchmark classifies the phrase as only a passing mention, and the title contains no 'Spanish plume' wording. Access evidence: no verified PDF location was resolved through the pipeline searches."
SP049,2015,An unusual thunderstorm event overnight 13/14 June 2014,Weather,GWR,Google Scholar; Web of Science; Royal Meteorological Society/Wiley,passing mention,manual_required,not recorded,No surviving model output or per-result rejection log states why this record was omitted. An exact model-internal cause cannot be reconstructed without inventing evidence.,"It was indexed by Google Scholar; Web of Science; Royal Meteorological Society/Wiley, but the model runs stopped before retrieving or verifying it. The benchmark classifies the phrase as only a passing mention, and the title contains no 'Spanish plume' wording. Access evidence: publisher returned HTTP 403; manual/library full-text access was required."
SP052,2015,Mesoscale air transport at a midlatitude squall line in Europe–a numerical analysis,Quarterly Journal of the Royal Meteorological Society,GR,Google Scholar; Royal Meteorological Society/Wiley,passing mention,manual_required,not recorded,No surviving model output or per-result rejection log states why this record was omitted. An exact model-internal cause cannot be reconstructed without inventing evidence.,"It was indexed by Google Scholar; Royal Meteorological Society/Wiley, but the model runs stopped before retrieving or verifying it. The benchmark classifies the phrase as only a passing mention, and the title contains no 'Spanish plume' wording. Access evidence: publisher returned HTTP 403; manual/library full-text access was required."
SP054,2016,Fronts–Who needs them?,Weather,GR,Google Scholar; Royal Meteorological Society/Wiley,passing mention,manual_required,not recorded,No surviving model output or per-result rejection log states why this record was omitted. An exact model-internal cause cannot be reconstructed without inventing evidence.,"It was indexed by Google Scholar; Royal Meteorological Society/Wiley, but the model runs stopped before retrieving or verifying it. The benchmark classifies the phrase as only a passing mention, and the title contains no 'Spanish plume' wording. Access evidence: publisher returned HTTP 403; manual/library full-text access was required."
SP055,2016,Performance of 4D‐Var NWP‐based nowcasting of precipitation at the Met Office for summer 2012,Quarterly Journal of the Royal Meteorological Society,GR,Google Scholar; Royal Meteorological Society/Wiley,passing mention,manual_required,not recorded,No surviving model output or per-result rejection log states why this record was omitted. An exact model-internal cause cannot be reconstructed without inventing evidence.,"It was indexed by Google Scholar; Royal Meteorological Society/Wiley, but the model runs stopped before retrieving or verifying it. The benchmark classifies the phrase as only a passing mention, and the title contains no 'Spanish plume' wording. Access evidence: publisher returned HTTP 403; manual/library full-text access was required."
SP057,2016,Hail observations and hailstorm characteristics in Europe: A review,Atmospheric Research,G,Google Scholar,passing mention,manual_required,not recorded,No surviving model output or per-result rejection log states why this record was omitted. An exact model-internal cause cannot be reconstructed without inventing evidence.,"It was present in Google Scholar's 177-result exact-phrase set but fell outside the model runs' retrieved/verified subset. The benchmark classifies the phrase as only a passing mention, and the title contains no 'Spanish plume' wording. Access evidence: metadata/DOI existed but no verified open PDF was available automatically."
SP058,2017,A long‐lived supercell over mountainous terrain,Quarterly Journal of the Royal Meteorological Society,GR,Google Scholar; Royal Meteorological Society/Wiley,passing mention,manual_required,not recorded,No surviving model output or per-result rejection log states why this record was omitted. An exact model-internal cause cannot be reconstructed without inventing evidence.,"It was indexed by Google Scholar; Royal Meteorological Society/Wiley, but the model runs stopped before retrieving or verifying it. The benchmark classifies the phrase as only a passing mention, and the title contains no 'Spanish plume' wording. Access evidence: publisher returned HTTP 403; manual/library full-text access was required."
SP060,2017,Lightning deaths in the UK: a 30-year analysis of the factors contributing to people being struck and killed,Int. J. Meteorol,G,Google Scholar,passing mention,unresolved,not recorded,No surviving model output or per-result rejection log states why this record was omitted. An exact model-internal cause cannot be reconstructed without inventing evidence.,"It was present in Google Scholar's 177-result exact-phrase set but fell outside the model runs' retrieved/verified subset. The benchmark classifies the phrase as only a passing mention, and the title contains no 'Spanish plume' wording. Access evidence: no verified PDF location was resolved through the pipeline searches."
SP065,2017,Multisensor Characterization of Mammatus,Monthly Weather Review,A,AMS Journals Online,passing mention,manual_required,not recorded,No surviving model output or per-result rejection log states why this record was omitted. An exact model-internal cause cannot be reconstructed without inventing evidence.,"It was recoverable only through AMS's exact-phrase index, so broader web/API searching did not surface it. The benchmark classifies the phrase as only a passing mention, and the title contains no 'Spanish plume' wording. Access evidence: publisher returned HTTP 403; manual/library full-text access was required."
SP067,2018,Characterising flash flood response to intense rainfall and impacts using historical information and gauged data in Britain,Journal of Flood Risk Management,G,Google Scholar,passing mention,downloaded_automatically,not recorded,No surviving model output or per-result rejection log states why this record was omitted. An exact model-internal cause cannot be reconstructed without inventing evidence.,"It was present in Google Scholar's 177-result exact-phrase set but fell outside the model runs' retrieved/verified subset. The benchmark classifies the phrase as only a passing mention, and the title contains no 'Spanish plume' wording. Access evidence: verified PDF was automatically accessible."
SP069,2018,Quantifying the effect of different urban planning strategies on heat stress for current and future climates in the agglomeration of The Hague (The Netherlands),Atmosphere,G,Google Scholar,passing mention,manual_required,not recorded,No surviving model output or per-result rejection log states why this record was omitted. An exact model-internal cause cannot be reconstructed without inventing evidence.,"It was present in Google Scholar's 177-result exact-phrase set but fell outside the model runs' retrieved/verified subset. The benchmark classifies the phrase as only a passing mention, and the title contains no 'Spanish plume' wording. Access evidence: publisher returned HTTP 403; manual/library full-text access was required."
SP070,2019,An objective verification system for thunderstorm risk forecasts,Meteorological Applications,GR,Google Scholar; Royal Meteorological Society/Wiley,passing mention,manual_required,not recorded,No surviving model output or per-result rejection log states why this record was omitted. An exact model-internal cause cannot be reconstructed without inventing evidence.,"It was indexed by Google Scholar; Royal Meteorological Society/Wiley, but the model runs stopped before retrieving or verifying it. The benchmark classifies the phrase as only a passing mention, and the title contains no 'Spanish plume' wording. Access evidence: publisher returned HTTP 403; manual/library full-text access was required."
SP089,2021,Reflections of over 40 years in the Met Office – a period of unprecedented change,Weather,R,Royal Meteorological Society/Wiley,passing mention,manual_required,not recorded,No surviving model output or per-result rejection log states why this record was omitted. An exact model-internal cause cannot be reconstructed without inventing evidence.,"It was recoverable only in the publisher's exact-phrase search, which the model runs did not reproduce exhaustively. The benchmark classifies the phrase as only a passing mention, and the title contains no 'Spanish plume' wording. Access evidence: publisher returned HTTP 403; manual/library full-text access was required."
SP096,2022,Preliminary analysis and perspective of the severe hailstorms on 20 July 2021 – including the Kibworth (Leicestershire) storm,Weather,R,Royal Meteorological Society/Wiley,passing mention,manual_required,not recorded,No surviving model output or per-result rejection log states why this record was omitted. An exact model-internal cause cannot be reconstructed without inventing evidence.,"It was recoverable only in the publisher's exact-phrase search, which the model runs did not reproduce exhaustively. The benchmark classifies the phrase as only a passing mention, and the title contains no 'Spanish plume' wording. Access evidence: publisher returned HTTP 403; manual/library full-text access was required."
SP097,2023,The history of UK weather forecasting: the changing role of the central guidance forecaster. Part 6: the late twentieth century: forecasting smaller‐scale features,Weather,GR,Google Scholar; Royal Meteorological Society/Wiley,substantial/non-passing treatment,manual_required,not recorded,No surviving model output or per-result rejection log states why this record was omitted. An exact model-internal cause cannot be reconstructed without inventing evidence.,"It was indexed by Google Scholar; Royal Meteorological Society/Wiley, but the model runs stopped before retrieving or verifying it. The title contains no 'Spanish plume' wording even though the benchmark records more than a passing mention. Access evidence: publisher returned HTTP 403; manual/library full-text access was required."
SP098,2023,The history of UK weather forecasting: the changing role of the central guidance forecaster. Part 3: cumulative progress in forecasting–the 1970s,Weather,GR,Google Scholar; Royal Meteorological Society/Wiley,passing mention,manual_required,not recorded,No surviving model output or per-result rejection log states why this record was omitted. An exact model-internal cause cannot be reconstructed without inventing evidence.,"It was indexed by Google Scholar; Royal Meteorological Society/Wiley, but the model runs stopped before retrieving or verifying it. The benchmark classifies the phrase as only a passing mention, and the title contains no 'Spanish plume' wording. Access evidence: publisher returned HTTP 403; manual/library full-text access was required."
SP099,2023,The history of UK weather forecasting: the changing role of the central guidance forecaster. Part 2: the birth of operational numerical weather prediction,Weather,GR,Google Scholar; Royal Meteorological Society/Wiley,passing mention,manual_required,not recorded,No surviving model output or per-result rejection log states why this record was omitted. An exact model-internal cause cannot be reconstructed without inventing evidence.,"It was indexed by Google Scholar; Royal Meteorological Society/Wiley, but the model runs stopped before retrieving or verifying it. The benchmark classifies the phrase as only a passing mention, and the title contains no 'Spanish plume' wording. Access evidence: publisher returned HTTP 403; manual/library full-text access was required."
SP101,2023,Changes in synoptic circulations associated with documented derechos over France in the past 70 years,Weather and Climate Dynamics [Discussions],G,Google Scholar,passing mention,downloaded_automatically,confirmed comparison artifact,"Not a true discovery omission. Codex and both GPT Deep Research runs found the final 2024 article, 'Analysing 23 years of warm-season derechos in France' (10.5194/wcd-5-439-2024). The comparison failed to link it to the 2023 discussion-paper record/title (10.5194/wcd-2023-8).",Preprint-to-final title and DOI change caused an exact-match failure.
