source_id,benchmark_class,codex_term_role,notebooklm_term_role,claude_term_role,codex_quote_verdict,notebooklm_quote_verdict,claude_quote_verdict
SP001,essential,ANALYTICAL_FOCUS,ANALYTICAL_FOCUS,ANALYTICAL_FOCUS,P,P,P
SP002,passing,CASE_APPLICATION,CASE_APPLICATION,CASE_APPLICATION,P,J,P
SP003,essential,ANALYTICAL_FOCUS,ANALYTICAL_FOCUS,ANALYTICAL_FOCUS,P,J,P
SP004,informative,CASE_APPLICATION,CASE_APPLICATION,CASE_APPLICATION,P,P,P
SP005,informative,CASE_APPLICATION,CASE_APPLICATION,CASE_APPLICATION,P,J,P
SP006,passing,CASE_APPLICATION,CASE_APPLICATION,PASSING_MENTION,P,V,P
SP007,passing,CASE_APPLICATION,CASE_APPLICATION,PASSING_MENTION,P,P,P
SP008,passing,CASE_APPLICATION,CASE_APPLICATION,PASSING_MENTION,P,J,P
SP009,passing,PASSING_MENTION,CASE_APPLICATION,PASSING_MENTION,P,A,P
SP010,passing,PASSING_MENTION,CASE_APPLICATION,PASSING_MENTION,P,A,P
SP011,passing,PASSING_MENTION,PASSING_MENTION,PASSING_MENTION,P,X,X
SP012,passing,CONCEPTUAL_BACKGROUND,CASE_APPLICATION,CONCEPTUAL_BACKGROUND,P,J,P
SP013,passing,CASE_APPLICATION,CASE_APPLICATION,CASE_APPLICATION,P,V,P
SP014,informative,ANALYTICAL_FOCUS,ANALYTICAL_FOCUS,ANALYTICAL_FOCUS,P,V,P
SP015,passing,NO_BODY_EVIDENCE,ANALYTICAL_FOCUS,CONCEPTUAL_BACKGROUND,n,X,P
SP016,essential,ANALYTICAL_FOCUS,ANALYTICAL_FOCUS,ANALYTICAL_FOCUS,P,J,P
SP017,passing,PASSING_MENTION,CASE_APPLICATION,PASSING_MENTION,P,A,P
SP018,passing,PASSING_MENTION,CONCEPTUAL_BACKGROUND,PASSING_MENTION,P,J,P
SP019,passing,ANALYTICAL_FOCUS,ANALYTICAL_FOCUS,ANALYTICAL_FOCUS,P,A,P
SP020,passing,CASE_APPLICATION,CASE_APPLICATION,NO_BODY_EVIDENCE,P,A,P
SP021,passing,CASE_APPLICATION,CASE_APPLICATION,CASE_APPLICATION,P,J,P
SP022,passing,PASSING_MENTION,PASSING_MENTION,PASSING_MENTION,P,X,P
SP023,passing,CONCEPTUAL_BACKGROUND,CONCEPTUAL_BACKGROUND,CONCEPTUAL_BACKGROUND,P,X,P
SP024,informative,CASE_APPLICATION,CASE_APPLICATION,CASE_APPLICATION,P,X,P
SP025,passing,CONCEPTUAL_BACKGROUND,ANALYTICAL_FOCUS,PASSING_MENTION,P,P,P
SP026,informative,CONCEPTUAL_BACKGROUND,ANALYTICAL_FOCUS,CONCEPTUAL_BACKGROUND,P,P,P
SP027,passing,CASE_APPLICATION,ANALYTICAL_FOCUS,CASE_APPLICATION,P,X,P
SP028,passing,PASSING_MENTION,PASSING_MENTION,PASSING_MENTION,P,A,P
SP029,passing,CONCEPTUAL_BACKGROUND,CASE_APPLICATION,PASSING_MENTION,P,P,P
SP030,passing,CONCEPTUAL_BACKGROUND,CONCEPTUAL_BACKGROUND,CONCEPTUAL_BACKGROUND,P,X,P
SP031,essential,ANALYTICAL_FOCUS,ANALYTICAL_FOCUS,ANALYTICAL_FOCUS,P,J,P
SP032,passing,CASE_APPLICATION,CONCEPTUAL_BACKGROUND,PASSING_MENTION,P,J,P
SP033,passing,CASE_APPLICATION,CASE_APPLICATION,CASE_APPLICATION,P,X,P
SP034,informative,CASE_APPLICATION,CASE_APPLICATION,CASE_APPLICATION,P,J,P
SP035,passing,CASE_APPLICATION,CONCEPTUAL_BACKGROUND,CASE_APPLICATION,P,X,P
SP036,passing,CASE_APPLICATION,CASE_APPLICATION,PASSING_MENTION,P,X,P
SP037,passing,CASE_APPLICATION,ANALYTICAL_FOCUS,CASE_APPLICATION,P,X,P
SP038,passing,CONCEPTUAL_BACKGROUND,CONCEPTUAL_BACKGROUND,PASSING_MENTION,P,J,P
SP039,passing,PASSING_MENTION,CONCEPTUAL_BACKGROUND,PASSING_MENTION,P,X,P
SP040,informative,CASE_APPLICATION,CONCEPTUAL_BACKGROUND,CASE_APPLICATION,P,J,P
SP041,passing,CONCEPTUAL_BACKGROUND,CONCEPTUAL_BACKGROUND,PASSING_MENTION,P,X,P
SP042,passing,CASE_APPLICATION,CONCEPTUAL_BACKGROUND,CASE_APPLICATION,P,X,X
SP043,passing,CASE_APPLICATION,CASE_APPLICATION,PASSING_MENTION,P,X,P
SP044,passing,PASSING_MENTION,PASSING_MENTION,PASSING_MENTION,P,X,P
SP045,passing,PASSING_MENTION,PASSING_MENTION,PASSING_MENTION,P,X,P
SP046,informative,CASE_APPLICATION,CASE_APPLICATION,CASE_APPLICATION,P,P,P
SP047,passing,NO_BODY_EVIDENCE,PASSING_MENTION,NO_BODY_EVIDENCE,n,n,n
SP048,passing,CASE_APPLICATION,CASE_APPLICATION,PASSING_MENTION,P,V,P
SP049,passing,CASE_APPLICATION,CASE_APPLICATION,CONCEPTUAL_BACKGROUND,P,P,P
SP050,passing,CASE_APPLICATION,CASE_APPLICATION,CASE_APPLICATION,P,X,P
SP051,passing,PASSING_MENTION,PASSING_MENTION,PASSING_MENTION,P,P,P
SP052,passing,CASE_APPLICATION,CASE_APPLICATION,CASE_APPLICATION,P,X,P
SP053,passing,PASSING_MENTION,PASSING_MENTION,PASSING_MENTION,P,X,P
SP054,passing,PASSING_MENTION,PASSING_MENTION,PASSING_MENTION,P,J,P
SP055,passing,CASE_APPLICATION,CASE_APPLICATION,PASSING_MENTION,P,X,P
SP056,passing,ANALYTICAL_FOCUS,ANALYTICAL_FOCUS,ANALYTICAL_FOCUS,P,X,P
SP057,passing,CONCEPTUAL_BACKGROUND,CONCEPTUAL_BACKGROUND,CONCEPTUAL_BACKGROUND,P,P,P
SP058,passing,CASE_APPLICATION,ANALYTICAL_FOCUS,CONCEPTUAL_BACKGROUND,P,P,X
SP059,passing,PASSING_MENTION,CONCEPTUAL_BACKGROUND,PASSING_MENTION,P,X,P
SP060,passing,CASE_APPLICATION,CASE_APPLICATION,CASE_APPLICATION,P,P,P
SP061,passing,CASE_APPLICATION,CASE_APPLICATION,CASE_APPLICATION,P,X,P
SP062,passing,CONCEPTUAL_BACKGROUND,CONCEPTUAL_BACKGROUND,PASSING_MENTION,P,V,P
SP063,passing,CASE_APPLICATION,CASE_APPLICATION,CASE_APPLICATION,P,X,P
SP064,passing,CONCEPTUAL_BACKGROUND,PASSING_MENTION,CONCEPTUAL_BACKGROUND,P,J,P
SP065,passing,CASE_APPLICATION,CASE_APPLICATION,CASE_APPLICATION,P,X,P
SP066,passing,CASE_APPLICATION,CASE_APPLICATION,CASE_APPLICATION,P,P,P
SP067,passing,PASSING_MENTION,CASE_APPLICATION,PASSING_MENTION,P,X,P
SP068,passing,CASE_APPLICATION,PASSING_MENTION,PASSING_MENTION,P,X,P
SP069,passing,CONCEPTUAL_BACKGROUND,PASSING_MENTION,PASSING_MENTION,P,X,P
SP070,passing,CONCEPTUAL_BACKGROUND,CONCEPTUAL_BACKGROUND,CONCEPTUAL_BACKGROUND,P,X,P
SP071,passing,CASE_APPLICATION,CASE_APPLICATION,CASE_APPLICATION,P,X,P
SP072,passing,CASE_APPLICATION,CASE_APPLICATION,PASSING_MENTION,P,X,P
SP073,passing,CONCEPTUAL_BACKGROUND,CONCEPTUAL_BACKGROUND,PASSING_MENTION,P,X,P
SP074,passing,CONCEPTUAL_BACKGROUND,CASE_APPLICATION,PASSING_MENTION,P,P,P
SP075,passing,CONCEPTUAL_BACKGROUND,CONCEPTUAL_BACKGROUND,PASSING_MENTION,P,X,P
SP076,informative,CASE_APPLICATION,CONCEPTUAL_BACKGROUND,CASE_APPLICATION,P,X,P
SP077,informative,CASE_APPLICATION,CASE_APPLICATION,CASE_APPLICATION,P,X,P
SP078,passing,CONCEPTUAL_BACKGROUND,PASSING_MENTION,PASSING_MENTION,P,X,P
SP079,passing,CASE_APPLICATION,CASE_APPLICATION,PASSING_MENTION,P,X,P
SP080,passing,CONCEPTUAL_BACKGROUND,CONCEPTUAL_BACKGROUND,PASSING_MENTION,P,J,P
SP081,passing,CONCEPTUAL_BACKGROUND,CONCEPTUAL_BACKGROUND,PASSING_MENTION,P,P,P
SP082,passing,CASE_APPLICATION,CASE_APPLICATION,CASE_APPLICATION,P,X,P
SP083,informative,ANALYTICAL_FOCUS,ANALYTICAL_FOCUS,CONCEPTUAL_BACKGROUND,P,P,P
SP084,passing,CASE_APPLICATION,CASE_APPLICATION,CASE_APPLICATION,P,P,P
SP085,passing,CASE_APPLICATION,CONCEPTUAL_BACKGROUND,PASSING_MENTION,P,X,P
SP086,passing,CASE_APPLICATION,ANALYTICAL_FOCUS,CASE_APPLICATION,P,X,P
SP087,passing,CONCEPTUAL_BACKGROUND,PASSING_MENTION,CONCEPTUAL_BACKGROUND,P,A,P
SP088,passing,CASE_APPLICATION,CASE_APPLICATION,PASSING_MENTION,P,X,P
SP089,passing,CASE_APPLICATION,CASE_APPLICATION,PASSING_MENTION,P,J,P
SP090,informative,CASE_APPLICATION,CASE_APPLICATION,CONCEPTUAL_BACKGROUND,P,X,P
SP091,passing,CASE_APPLICATION,CASE_APPLICATION,CASE_APPLICATION,P,X,P
SP092,passing,CONCEPTUAL_BACKGROUND,PASSING_MENTION,PASSING_MENTION,P,X,P
SP093,passing,CONCEPTUAL_BACKGROUND,PASSING_MENTION,PASSING_MENTION,P,X,P
SP094,passing,PASSING_MENTION,PASSING_MENTION,PASSING_MENTION,P,X,P
SP095,passing,CONCEPTUAL_BACKGROUND,CONCEPTUAL_BACKGROUND,PASSING_MENTION,P,X,P
SP096,passing,CASE_APPLICATION,CONCEPTUAL_BACKGROUND,CONCEPTUAL_BACKGROUND,P,X,P
SP097,informative,CONCEPTUAL_BACKGROUND,CONCEPTUAL_BACKGROUND,CONCEPTUAL_BACKGROUND,P,X,P
SP098,passing,CASE_APPLICATION,CASE_APPLICATION,PASSING_MENTION,P,J,P
SP099,passing,CASE_APPLICATION,PASSING_MENTION,PASSING_MENTION,P,V,P
SP100,passing,CASE_APPLICATION,CONCEPTUAL_BACKGROUND,CONCEPTUAL_BACKGROUND,P,J,P
SP101,passing,CONCEPTUAL_BACKGROUND,PASSING_MENTION,PASSING_MENTION,P,P,P
SP102,informative,CASE_APPLICATION,CONCEPTUAL_BACKGROUND,CONCEPTUAL_BACKGROUND,P,X,P
