source_id,retrieval_route
SP001,automatic
SP002,manual_import
SP003,manual_import
SP004,manual_import
SP005,manual_import
SP006,manual_import
SP007,manual_import
SP008,manual_import
SP009,manual_import
SP010,manual_import
SP011,manual_import
SP012,manual_import
SP013,manual_import
SP014,manual_import
SP015,manual_import
SP016,manual_import
SP017,automatic
SP018,manual_import
SP019,manual_import
SP020,manual_import
SP021,manual_import
SP022,manual_import
SP023,manual_import
SP024,manual_import
SP025,manual_import
SP026,manual_import
SP027,manual_import
SP028,automatic
SP029,automatic
SP030,manual_import
SP031,manual_import
SP032,automatic
SP033,manual_import
SP034,manual_import
SP035,manual_import
SP036,manual_import
SP037,manual_import
SP038,manual_import
SP039,manual_import
SP040,manual_import
SP041,manual_import
SP042,manual_import
SP043,manual_import
SP044,manual_import
SP045,manual_import
SP046,manual_import
SP047,manual_import
SP048,manual_import
SP049,manual_import
SP050,automatic
SP051,manual_import
SP052,manual_import
SP053,automatic
SP054,manual_import
SP055,manual_import
SP056,manual_import
SP057,manual_import
SP058,manual_import
SP059,manual_import
SP060,manual_import
SP061,manual_import
SP062,automatic
SP063,automatic
SP064,automatic
SP065,manual_import
SP066,manual_import
SP067,automatic
SP068,automatic
SP069,manual_import
SP070,manual_import
SP071,automatic
SP072,automatic
SP073,automatic
SP074,automatic
SP075,automatic
SP076,manual_import
SP077,automatic
SP078,manual_import
SP079,automatic
SP080,automatic
SP081,manual_import
SP082,manual_import
SP083,manual_import
SP084,automatic
SP085,automatic
SP086,automatic
SP087,automatic
SP088,automatic
SP089,manual_import
SP090,automatic
SP091,manual_import
SP092,automatic
SP093,automatic
SP094,manual_import
SP095,manual_import
SP096,manual_import
SP097,manual_import
SP098,manual_import
SP099,manual_import
SP100,automatic
SP101,automatic
SP102,automatic
