journal,publisher,articles_in_corpus,documented,documented_percent
Weather,Wiley (RMetS),35,13,37
Quarterly Journal of the Royal Meteorological Society,Wiley (RMetS),13,9,69
Atmospheric Research,Elsevier,7,4,57
International Journal of Climatology,Wiley (RMetS),6,6,100
Weather and Forecasting,AMS,5,5,100
Monthly Weather Review,AMS,4,3,75
Journal of Geophysical Research: Atmospheres,Wiley (AGU),3,0,0
Meteorological Applications,Wiley (RMetS),3,2,67
Natural Hazards and Earth System Sciences,Copernicus,3,3,100
