source_id,year,benchmark_class,codex_before,codex_after,claude_before,claude_after,publisher_group
SP001,1968,essential,0,1,0,1,Other
SP002,1968,passing,0,0,0,0,Other
SP003,1986,essential,0,1,0,0,Other
SP004,1993,informative,0,1,0,1,Wiley
SP005,1995,informative,0,1,0,1,Wiley
SP006,1995,passing,0,1,0,0,Wiley
SP007,1996,passing,0,0,0,0,Other
SP008,1996,passing,1,1,0,0,Wiley
SP009,1996,passing,0,1,0,0,Wiley
SP010,1997,passing,0,1,0,1,Wiley
SP011,1997,passing,0,0,0,0,Wiley
SP012,1997,passing,1,1,0,1,AMS
SP013,1998,passing,1,1,1,1,Wiley
SP014,1998,informative,1,1,0,1,Springer
SP015,1998,passing,0,0,0,0,Other
SP016,1998,essential,0,1,0,0,Wiley
SP017,1999,passing,1,1,0,0,Other
SP018,1999,passing,0,0,0,0,Wiley
SP019,2001,passing,1,1,0,1,Elsevier
SP020,2003,passing,0,0,0,0,Elsevier
SP021,2003,passing,0,0,0,1,Wiley
SP022,2003,passing,0,0,0,0,Wiley
SP023,2005,passing,1,1,0,1,AMS
SP024,2005,informative,0,1,0,1,Wiley
SP025,2005,passing,0,1,0,1,AMS
SP026,2006,informative,0,1,0,1,Wiley
SP027,2006,passing,1,1,0,1,Wiley
SP028,2007,passing,0,1,0,0,Wiley
SP029,2007,passing,0,1,0,0,Elsevier
SP030,2009,passing,0,1,0,1,Wiley
SP031,2010,essential,1,1,0,1,Elsevier
SP032,2010,passing,0,1,0,0,Other
SP033,2011,passing,0,1,0,1,Wiley
SP034,2012,informative,1,1,1,1,Wiley
SP035,2012,passing,1,1,0,1,Elsevier
SP036,2012,passing,0,1,0,1,Wiley
SP037,2012,passing,0,1,0,1,Wiley
SP038,2012,passing,0,1,0,1,Wiley
SP039,2013,passing,0,0,0,0,Elsevier
SP040,2013,informative,1,1,0,1,AMS
SP041,2013,passing,0,1,0,1,Elsevier
SP042,2013,passing,0,1,0,1,Wiley
SP043,2013,passing,0,1,0,1,Wiley
SP044,2013,passing,0,1,0,1,Wiley
SP045,2013,passing,0,1,0,1,Wiley
SP046,2014,informative,1,1,1,1,Wiley
SP047,2014,passing,0,0,0,0,Other
SP048,2014,passing,0,1,0,1,Wiley
SP049,2015,passing,0,1,0,1,Wiley
SP050,2015,passing,1,1,0,1,AMS
SP051,2015,passing,0,1,0,1,Wiley
SP052,2015,passing,0,1,0,1,Wiley
SP053,2016,passing,1,1,1,1,Wiley
SP054,2016,passing,0,1,0,1,Wiley
SP055,2016,passing,0,1,0,1,Wiley
SP056,2016,passing,1,1,0,1,AMS
SP057,2016,passing,0,0,0,0,Elsevier
SP058,2017,passing,0,1,0,1,Wiley
SP059,2017,passing,0,1,0,1,Wiley
SP060,2017,passing,0,0,0,0,Other
SP061,2017,passing,0,1,0,1,Wiley
SP062,2017,passing,1,1,0,1,Copernicus
SP063,2017,passing,1,1,0,1,AMS
SP064,2017,passing,1,1,0,1,Other
SP065,2017,passing,0,1,0,1,AMS
SP066,2018,passing,1,1,0,1,Wiley
SP067,2018,passing,0,0,0,1,Wiley
SP068,2018,passing,0,1,0,0,Other
SP069,2018,passing,1,1,0,1,MDPI
SP070,2019,passing,1,1,1,1,Wiley
SP071,2019,passing,1,1,0,1,Wiley
SP072,2019,passing,1,1,0,1,Wiley
SP073,2019,passing,1,1,1,1,Wiley
SP074,2019,passing,0,1,0,1,MDPI
SP075,2019,passing,1,1,0,1,Wiley
SP076,2020,informative,1,1,0,1,Wiley
SP077,2020,informative,1,1,0,1,MDPI
SP078,2020,passing,1,1,1,1,Wiley
SP079,2020,passing,1,1,0,1,Wiley
SP080,2020,passing,1,1,1,0,Copernicus
SP081,2020,passing,0,0,0,1,AMS
SP082,2021,passing,0,1,0,1,Wiley
SP083,2021,informative,1,1,0,1,Wiley
SP084,2021,passing,1,1,1,1,Wiley
SP085,2021,passing,1,1,1,1,Wiley
SP086,2021,passing,1,1,0,1,Springer
SP087,2021,passing,1,1,1,1,Copernicus
SP088,2021,passing,1,0,0,1,AMS
SP089,2021,passing,0,0,0,1,Wiley
SP090,2022,informative,1,1,1,1,Wiley
SP091,2022,passing,0,0,0,1,Wiley
SP092,2022,passing,1,1,1,1,Wiley
SP093,2022,passing,0,1,0,1,Wiley
SP094,2022,passing,0,0,0,1,Wiley
SP095,2022,passing,1,1,0,1,AMS
SP096,2022,passing,0,0,0,0,Wiley
SP097,2023,informative,0,1,0,1,Wiley
SP098,2023,passing,0,1,0,1,Wiley
SP099,2023,passing,0,1,0,1,Wiley
SP100,2023,passing,1,1,1,1,Copernicus
SP101,2023,passing,0,0,0,1,Copernicus
SP102,2023,informative,1,1,1,1,Wiley
